{
    "init": {
        "jointmap": [
            [
                [
                    0,
                    1
                ]
            ],
            [
                [
                    1,
                    1
                ]
            ],
            [
                [
                    2,
                    -1
                ]
            ],
            [
                [
                    3,
                    1
                ]
            ],
            [
                [
                    4,
                    1
                ]
            ],
            [
                [
                    5,
                    1
                ]
            ]
        ],
        "kP": [
            800,
            800,
            800,
            800,
            800,
            800
        ],
        "kI": [
            0,
            0,
            0,
            0,
            0,
            0
        ],
        "kD": [
            1600,
            1600,
            1600,
            1600,
            1600,
            1600
        ],
        "curr_lim": [
            1350,
            1350,
            1350,
            1350,
            1350,
            1350
        ],
        "init_pos": [
            2.7519614696502686,
            3.4514567852020264,
            1.6244856119155884,
            0.05522330850362778,
            4.585068702697754,
            4.674039363861084
        ]
    }
}