{
    "init": {
        "curr_lim": [
            100,
            100,
            100,
            100,
            100,
            100
        ],
        "pos": [
            3.0704158306121827,
            3.443786859512329,
            1.5539225339889526,
            -0.007669903803616762,
            -1.6889128684997559,
            4.729262828826904
        ]
    }
}