{
    "init": {
        "jointmap": [
            [
                [
                    0,
                    1
                ]
            ],
            [
                [
                    1,
                    1
                ]
            ],
            [
                [
                    2,
                    -1
                ]
            ],
            [
                [
                    3,
                    1
                ]
            ],
            [
                [
                    4,
                    1
                ]
            ],
            [
                [
                    5,
                    1
                ]
            ]
        ],
        "kP": [
            800,
            800,
            800,
            800,
            800,
            800
        ],
        "kI": [
            0,
            0,
            0,
            0,
            0,
            0
        ],
        "kD": [
            1600,
            1600,
            1600,
            1600,
            1600,
            1600
        ],
        "curr_lim": [
            1350,
            1350,
            1350,
            1350,
            1350,
            1350
        ],
        "init_pos": [
            3.1323888301849365,
            3.218291759490967,
            1.509743881225586,
            14.108328437805175,
            7.926078796386719,
            1.5437982320785522
        ]
    }
}